date,oversized blazer,wide-leg jeans,cargo pants,ballet flats,puffer jacket,slip dress,trench coat,chunky sneakers,year,week_in_year
2021-01-03,45.782517057472994,42.71437396111089,44.07076535954356,46.54413463337458,80.66396022162195,19.130792793313898,48.44390668176131,50.722287231354535,0,1
2021-01-10,46.744213555387844,39.550787991107526,36.982771379452984,45.90313598348368,84.27387694085319,18.740786347314696,47.42132919220537,56.40484523057407,0,2
2021-01-17,44.35487570248653,38.62427209372964,32.55623990251656,46.14798010646369,81.02031338001962,19.61924090101492,42.08633893087416,66.65321474121103,0,3
2021-01-24,48.15318942298789,36.681342824374845,42.79745643728611,38.99777478470128,70.17425945946646,24.210161474051013,43.151820302555,63.92502475712178,0,4
2021-01-31,46.74599380746872,44.55009005902734,33.771074482082476,53.78813405017865,70.8453395957848,20.068561642330693,42.33044368272898,65.61075056301468,0,5
2021-02-07,39.11574599799488,36.09097679184744,35.68468856528979,45.75465393098368,71.15844079789021,28.972061049522193,40.97369420092336,65.54195708329289,0,6
2021-02-14,46.57799017215979,36.830392967055914,33.11791885595043,55.37103389998646,66.83179935949218,21.390551393893148,41.304947506236324,62.26463199547208,0,7
2021-02-21,51.43908512595044,40.47457812457353,41.50053867226666,45.60300725187473,59.744652805681916,32.03896309812113,37.65108470106239,57.26703238020339,0,8
2021-02-28,43.17515461124712,32.89498795113074,34.208792107133156,48.20313748647094,61.79600466649043,26.16519408318541,42.95917584894792,54.35743171665717,0,9
2021-03-07,48.40947561172523,41.93797718257162,34.86712031664131,44.67657962845455,57.1524401036962,31.390864513270756,38.99299268246601,62.439758298517035,0,10
2021-03-14,52.49227862206758,39.604715771929115,38.622023253070566,52.975617748928485,59.36372305450489,32.21711946730182,34.22890759602575,57.370375396326715,0,11
2021-03-21,44.91427204538532,40.030753454860005,35.574234974334004,49.15634499143633,49.24726481914009,35.018644250020124,36.1778231226726,66.25350373617054,0,12
2021-03-28,46.436555852341066,38.60899684081852,32.323494332867305,49.78876479085382,49.89802328741769,40.83536618647157,35.632570599467485,53.880476294209544,0,13
2021-04-04,41.508083470739216,36.07171563543843,36.16226609223905,49.4259402419777,39.033576846338974,45.28158014882436,38.39082833417013,62.18671951114777,0,14
2021-04-11,49.034489586064716,33.02235253300312,40.92195705952971,56.40992290197729,36.29752397941039,46.62496271871724,32.54802047735561,52.50822773937182,0,15
2021-04-18,42.373688672052985,35.499594773613005,30.95251597956328,56.75265544993944,38.24966022668488,43.985466011811035,36.366671637672084,57.20608364218708,0,16
2021-04-25,40.981611793522056,32.764357129579906,28.94006702864078,60.60218952299136,36.243582605565805,47.73618995546253,34.01704755810205,57.26950070339589,0,17
2021-05-02,42.89613000310216,36.986152997586125,27.83894526841603,53.657004869913,27.27761804422939,46.627832156523986,38.305949607906406,44.92470711124665,0,18
2021-05-09,38.62908256506684,37.85121409153511,31.00464301498923,56.90117479020738,27.670455806446142,47.57894081526394,37.76257206133232,45.55406349130818,0,19
2021-05-16,31.716406697944297,39.82083202076599,21.93777108351239,52.861169060531076,21.229888366464532,48.47678471520235,34.669048054611046,41.82700644154452,0,20
2021-05-23,30.073298554492577,36.50550655315186,21.811057205091345,56.12381975164994,22.96738925923838,51.752875128016385,33.62388143235263,39.54615640716735,0,21
2021-05-30,31.244287695925713,38.182729205136326,15.443091220216312,55.84210301600909,24.54496070241656,54.766859715267415,36.42491876272046,45.746024620736485,0,22
2021-06-06,25.808575012825006,34.53159898820293,15.668034725246223,58.88426519884966,19.660195841046043,49.05829286609222,35.037098092318914,41.07312045945027,0,23
2021-06-13,19.527501976238554,33.974544919385906,17.3449700822331,60.413423798074355,19.57166681728561,55.2758153239726,41.48551872547439,41.08234942323623,0,24
2021-06-20,24.279143151845442,36.770519382687944,18.457205497008587,59.95294545240913,16.71490723464988,60.448442458290465,37.74597977740655,42.39308099392556,0,25
2021-06-27,18.979182458751517,34.07296376986764,25.30885331832643,53.797044410791905,18.379410591474354,59.62734980569239,37.556705460726015,32.3497654019076,0,26
2021-07-04,27.700031932557913,35.86414632608346,20.23019830554064,58.39667164627314,26.25037165539949,54.744094871688745,38.84054276610029,44.86672531279747,0,27
2021-07-11,23.259138877848624,31.647449716177842,14.588388130042723,54.09704076319001,22.2683245526476,52.41349559494461,38.18216871646849,38.58378760538207,0,28
2021-07-18,20.301620470803392,31.929214641491047,15.747198880875233,51.876914649766995,20.522721791687985,57.93391668374376,45.21134268181818,42.6606141243758,0,29
2021-07-25,21.559725621704366,36.21771374326204,24.811929239374273,49.19603623769735,24.450847799543066,49.37047036101886,42.874327296104,43.80845322927612,0,30
2021-08-01,18.898997932721453,36.73301143354205,24.6537932736682,48.0273199902756,22.827124199118778,59.2088535012235,50.44256167452839,47.78965268103252,0,31
2021-08-08,22.370252006054812,30.93167919642101,21.22019561549118,53.302166925763,27.12798304021835,54.551871627102706,45.0517894340802,42.99253739859627,0,32
2021-08-15,29.929243395098275,35.79761069974448,20.37079346366399,47.41230356985617,37.092622847337,59.73730474640301,51.013871318955275,36.08820249905056,0,33
2021-08-22,34.829130739779245,32.18747083860925,27.70108706336493,45.53098796914409,35.674333535220256,47.837958017148,55.659588145198114,45.99548797214116,0,34
2021-08-29,31.55640293337495,33.9517371859263,20.279754640822052,42.88317931493738,45.06837658276184,54.273979877068,47.16817372415373,47.726526217347136,0,35
2021-09-05,30.300906837262108,38.39191839515719,26.83949812605739,49.84635114952192,42.56085606463671,49.45747366918037,60.907765056126735,43.88720548421538,0,36
2021-09-12,30.421297754481326,36.922651803436075,35.333081930487786,45.45469700045502,46.29566198871857,46.769737559227,54.598784481423344,49.641741659676406,0,37
2021-09-19,29.92664431070375,37.358469133321584,27.98289578397986,38.60622073077167,51.936994461758516,41.45751397728853,57.10265146187448,48.55535451665803,0,38
2021-09-26,40.00211048059216,41.26575823413868,24.927801219793636,39.37373464252814,45.608451205421304,45.00215213315049,58.977475948340114,45.49669575832676,0,39
2021-10-03,34.2458648312212,34.07718919336113,30.495922835070175,39.16330599886581,57.801238842087486,42.783187046041746,59.80537724120857,54.34764421442337,0,40
2021-10-10,42.127765356076125,33.94290292841437,27.761281677590027,40.028666555384184,60.49583361207457,43.59259179908835,58.597372362440844,50.133587035626284,0,41
2021-10-17,40.925310538558946,35.489102387802106,24.82122313238736,37.43160056028819,68.40283282340934,38.737020269701,60.70884561995297,51.42962268720767,0,42
2021-10-24,32.493668350865896,37.67170234987977,33.93291216608722,40.94062241793789,69.93789110994999,31.449157142199777,59.01631047982273,51.81708514767576,0,43
2021-10-31,36.704812129843795,32.15881421473924,36.30882942112377,44.20002337904354,66.49378033648496,27.82587392026002,62.29613316290708,59.17089221863312,0,44
2021-11-07,37.70059912240965,39.37918351584694,31.28073405945773,36.240064872891736,76.18244317174073,24.470069788968026,57.95853895360619,54.577714214675865,0,45
2021-11-14,40.4904346236948,39.12431227401509,31.678712971194575,37.23907793708251,73.90298652483088,30.903616009958654,61.499988922819355,55.52051497161334,0,46
2021-11-21,41.5833923372342,43.83080349981676,29.977587689895305,39.710412293923596,73.85056512626687,22.262768117857316,57.374222945401456,53.85258087013048,0,47
2021-11-28,51.791522598992714,43.21211529983121,33.828366361695444,40.468455235262745,78.64195398398256,27.386548033733217,48.18413154267968,57.82274614800882,0,48
2021-12-05,40.603555576786185,40.972234722093205,32.74532994990068,48.464647425493496,78.52008186083113,23.130677957046053,60.246921013879536,61.66615728477517,0,49
2021-12-12,45.53703764583747,45.09944689224062,31.473837789373075,46.22498025757192,84.3968460897551,21.43709897144906,49.40220990180089,59.09558368914428,0,50
2021-12-19,47.68479587662797,45.983289056971955,43.56038166364289,46.85209240881205,81.02220270967815,18.71773485854766,54.24161730511998,59.42096296444371,0,51
2021-12-26,46.77365134924445,41.91467463662989,38.276499927075356,44.06211998085728,80.3989171332425,21.12237849630967,48.40298075857508,59.19885644093038,0,52
2022-01-02,47.998053561704765,43.06635284431558,39.05923712131759,44.85701432126729,81.83155097260814,18.914414969450018,50.03202324624544,51.28221880965324,1,1
2022-01-09,45.357267790124695,38.10941082413624,40.59890385855857,42.23377544890516,81.33177222881882,17.9948266681236,43.2894386623157,53.25538988131862,1,2
2022-01-16,49.56074527949424,41.666434422740394,40.379129748536286,49.80660470186194,78.91962205658628,21.651448675780255,45.740298303653574,55.823592462649465,1,3
2022-01-23,51.44279087201409,42.77582069250355,35.805408237503855,49.7938331465845,78.95748175499914,19.905573034707523,41.63645939142363,53.5513616282828,1,4
2022-01-30,51.47130489166944,45.202628516346984,38.64533193582361,53.01193020070134,74.29876818182241,19.019257684800017,45.714155371456286,51.937179111999725,1,5
2022-02-06,52.68985673333285,42.034181398327775,36.51451096583758,49.315892289231975,70.42738201693972,24.579113149408844,40.946605753675954,48.379032114803316,1,6
2022-02-13,55.6211546885859,43.13558579047284,39.32529333207189,50.265873672139726,70.81231007373181,24.22426212151378,41.18951108254746,50.08959266733927,1,7
2022-02-20,54.5193299848243,40.723832849635926,38.87527643193931,51.8797928603455,63.75736275770934,27.770682108398386,30.764902899193483,53.99777576587178,1,8
2022-02-27,52.18227304092565,44.55875073697725,35.88676669625802,54.64664660963176,60.881551319756134,27.059125328761894,36.028798873457156,54.240062274713125,1,9
2022-03-06,48.66860801048665,44.893678310685246,32.00154313775497,48.07171947196786,62.571397939095114,27.115540635496714,36.72911362959227,50.79151621738868,1,10
2022-03-13,50.582602566366006,44.32443057506683,37.82321657901314,55.09944341767352,58.83132757233816,38.4512558302609,35.59640156792354,53.68455813028203,1,11
2022-03-20,51.9397939543633,42.58928852695414,36.38926639739049,53.123923150458964,50.49824799019432,40.54474513196687,37.48719972325577,51.00553095995862,1,12
2022-03-27,53.62778902942803,37.302686922044565,29.694914386533842,50.177363923682066,45.78387859492077,41.34498401591176,33.46803506178571,56.450281407509515,1,13
2022-04-03,51.803807947259116,39.38396265879718,39.45301711636554,47.13100365303381,48.28644707401698,40.42164206202006,34.98916588847836,50.77232521062564,1,14
2022-04-10,50.93227964765792,39.2904871427557,41.59626750681857,52.86293397564732,43.24462067979438,43.649036232924104,39.003716055602325,53.5275447217299,1,15
2022-04-17,50.835525866207995,38.52985717715265,48.3300973049361,57.35480747911246,38.988284893204295,51.70265606703126,29.596166933600596,50.87991820221016,1,16
2022-04-24,50.278798215404414,39.16113949371539,37.31245859161488,57.62728607676134,34.57458044264367,49.50299984131899,39.527240863174434,43.79386704538712,1,17
2022-05-01,55.521059144268804,42.39161220040926,37.55343457063629,53.11941924005563,34.371213848237794,51.63485945484956,38.419747751766074,48.393386638990165,1,18
2022-05-08,52.93553284298604,39.728857104808725,36.24239089842717,57.26063092734722,31.506719914177147,62.025493676771795,38.64012837821678,43.19429121793479,1,19
2022-05-15,55.52278281519505,33.526054740319324,42.575079666055515,50.45784277236096,28.141543922810634,58.9922924452601,44.57100695887646,47.1195491898727,1,20
2022-05-22,58.49500980535399,37.76071227818877,43.62642699024197,52.57491619451332,29.44381155058231,66.95389489282142,49.570883973609234,44.028163280762826,1,21
2022-05-29,56.6873232051212,36.94824578669464,40.57763624022168,47.43614994096598,29.114493140721294,59.68718168902329,51.37477071339349,48.04082262738189,1,22
2022-06-05,62.60535480368504,32.00015430210806,43.96461457481416,46.30003487864532,26.764547167720536,67.3259954555287,50.15415467283394,40.70094108161938,1,23
2022-06-12,64.10398385300428,36.46770926554394,37.33871708491553,44.8768175759601,30.45395069112513,73.47004982590362,55.31716298749083,45.74437572172099,1,24
2022-06-19,60.213176607180806,33.07341960607688,49.22340367564117,39.8340285419263,31.71034887116831,68.37963098217782,57.16192693552934,47.652231022204575,1,25
2022-06-26,60.03795739679887,29.102465168499933,42.3293552320081,49.04746818876811,31.081980995955387,68.04744407570495,55.83345416249107,48.73496852207139,1,26
2022-07-03,61.949198212492455,34.62724293718705,44.784544891246,42.51224061837471,27.886852015811797,65.38640301203284,55.18730006567374,41.857434503351705,1,27
2022-07-10,56.71919851905243,33.99364691925481,38.367138145059535,41.37196638303001,31.740717080240877,71.69306908263759,56.16091606736622,44.863852437698,1,28
2022-07-17,54.651769180583265,32.88638832243189,40.5905343515107,39.66370636275434,30.689190314046666,65.22174397825569,61.036270935996015,45.47832128210853,1,29
2022-07-24,58.45395995213302,33.817462133604046,40.42452845503187,42.09969604037779,27.97195437185757,65.90264403234214,58.56015864814323,50.9493202653391,1,30
2022-07-31,55.23859860796463,32.25098479146436,39.99501531538925,47.58367302476821,35.18323102477787,60.75790817250888,55.487371046555616,38.92389838446238,1,31
2022-08-07,52.106224719862674,36.81724116740783,40.4324760531724,48.2140533081354,35.368789613989115,67.08295585875848,53.35927023477195,41.36066596784755,1,32
2022-08-14,50.91642959904636,35.517109731567544,42.814349668341706,36.63736790171665,44.76586934325652,63.563257613723664,60.614826376785196,56.4433341169502,1,33
2022-08-21,40.27659667724344,36.87232540551621,38.68404471464584,40.28297431360886,43.699921287874815,57.48256201260514,56.158733774089384,44.414100900492095,1,34
2022-08-28,48.6514529085949,38.219777205577664,38.50594324834668,38.00399080699511,44.07744483479071,51.438160060471915,58.48378341246283,38.279140993050824,1,35
2022-09-04,44.511837700524445,34.497250323320486,39.58959019400177,43.8668325727195,45.55127786753765,56.722360047907685,60.939667545271305,43.89922224747699,1,36
2022-09-11,45.5007092194037,36.11794953255688,35.48815241055029,41.59394357275768,48.35657857602544,48.161695521222,53.058734640353535,35.583112450735385,1,37
2022-09-18,43.14775212252331,33.029757254904396,32.71631211395242,38.701037108803305,48.06532829477292,43.05440421198005,56.64009383544951,48.086803282181464,1,38
2022-09-25,42.01556460496216,42.22487404630003,36.78220355373356,40.75780951765547,49.15977247150416,38.19088903182465,56.05626898339338,50.85396946260609,1,39
2022-10-02,41.25705995671263,37.77134205305472,37.119152390587274,39.0990781328457,55.08456804424293,38.67196013546031,57.47565812969622,44.47850820094382,1,40
2022-10-09,43.690795327167585,42.68343512887516,35.66695365796963,45.43582105646142,60.844450427970486,33.43162017301838,59.768509206423275,46.76234578279743,1,41
2022-10-16,42.41128594716094,44.27076333857578,27.628730333518227,42.37339552820589,57.85227483441368,33.19340734448516,51.69741631115271,52.86070775563923,1,42
2022-10-23,46.91808066989085,45.824623381841704,30.551604483576924,42.96425571711124,65.55264285248093,34.67004837696434,56.928341950428155,42.67787130056542,1,43
2022-10-30,40.69692381960028,41.24576554625414,33.354017504639074,33.261930309753325,69.2391984059886,28.822541213303207,57.72937270391615,44.888064851740715,1,44
2022-11-06,45.11441343897471,45.47535159473091,38.14790280952608,41.4561965627687,71.8618986864984,28.693113639453376,53.36480390876904,49.73194788742326,1,45
2022-11-13,54.26840001539601,51.459416046600296,35.538294728857636,48.384057383109464,72.73510395031352,23.326581265750477,52.67075132174941,48.07144565693265,1,46
2022-11-20,47.73666517517505,52.32582065010182,40.76565254766015,46.67049750015912,75.55656395422724,23.78257936523033,53.36989758380039,50.30040686729359,1,47
2022-11-27,50.44284251070026,50.827702470623215,42.058940377084724,37.78228945632284,83.23180508966381,27.684936876770827,52.059779036547425,46.76769656458167,1,48
2022-12-04,50.096824338274054,49.50200615476189,42.147448943088335,43.08079927033439,81.11995471546125,19.47873783812305,51.573423366425196,52.97225124858581,1,49
2022-12-11,55.35938189591451,46.031936895979015,42.68836780974385,41.171056427389466,78.10333932161096,20.56515681437145,50.21557987230174,51.75039024311758,1,50
2022-12-18,53.7526510199428,51.68860268893719,34.18774129323028,50.71032098273924,79.79696727153409,13.903877781646422,44.21205080343694,54.71186868356197,1,51
2022-12-25,56.997789404297386,49.46672215221756,40.68270791790317,47.14708986549108,79.69836878188795,22.66141342588736,48.69422828932441,53.416327987301855,1,52
2023-01-01,61.659650494748334,51.94896162007836,36.67963325358646,44.97226259285636,76.8275035614908,16.488932998667842,47.74819835004805,53.47033161304163,2,1
2023-01-08,58.52256162815628,48.61128429450843,32.807709282057466,48.25153046436993,75.74876844513568,21.21270223159088,43.310134919796184,46.814816599505704,2,2
2023-01-15,64.42054482920013,50.148110916581714,38.481844953545796,41.19995216681525,79.60592976025252,18.150897876099588,36.774311208641905,54.453995702773376,2,3
2023-01-22,65.87077179038151,51.231635895094506,45.09038774548924,46.62718062460536,73.45001395585038,21.126466627564138,39.439806719900396,50.97140107547378,2,4
2023-01-29,67.81632272519246,51.46801210684662,41.72628040179344,50.82587016756379,69.20726287770518,22.376761040937872,38.93847908976368,51.36897372683874,2,5
2023-02-05,66.20427339138985,52.12284983693277,47.980899199701845,54.05003142882585,69.82791611817954,20.363658319803378,33.55808128201018,55.90084236760211,2,6
2023-02-12,76.50896143621375,48.746631278144136,40.58423413649725,46.43522772436072,67.50538345908191,26.619863585123866,34.63469820669781,48.438044570439395,2,7
2023-02-19,70.81221381000618,46.237549670585025,49.57926401077036,51.79950038639384,58.20649219417482,22.933370760192766,30.317726817796007,56.26874122754233,2,8
2023-02-26,69.33951925979383,54.879724356898905,40.369144747444004,56.58165463742302,60.813314127735495,29.627309752136775,35.32642169150348,56.13587242591355,2,9
2023-03-05,66.30087886928008,57.18377911671914,39.593152753860224,49.722234864358356,60.25373884519889,28.394390231234183,33.10912820350121,52.815190404171375,2,10
2023-03-12,69.04628493883126,50.763282666391135,34.2216944700092,55.19147100642306,55.69320717786204,33.0426043345374,26.94800483873523,45.28686811246759,2,11
2023-03-19,73.87081522219283,45.17340822258773,43.63150846585664,55.02209271804815,57.77160103338109,33.161630465762954,32.39959084009492,39.836431606210716,2,12
2023-03-26,74.82370811031778,46.59678907237034,37.06937220324457,60.17101092586256,51.711842556544184,37.3418861748123,30.838062757662904,52.244402027905934,2,13
2023-04-02,74.08802152820878,50.28905594646466,36.442400186671144,54.41657821719949,49.395618214579606,36.667668151375345,32.436127882067666,47.70589021391393,2,14
2023-04-09,71.82873704984942,52.730288771778895,44.19629910704459,54.540752428587545,50.829041483497946,43.35344899818096,29.819201098848545,43.6035257246092,2,15
2023-04-16,65.39693646390404,45.13362383176279,43.85258061936126,57.43533478245085,42.438340475277045,45.444500897824724,28.92954454602494,50.60411622575239,2,16
2023-04-23,70.19512047365637,48.59608630841503,44.01543504923639,50.57320181544675,38.79264861636203,46.33678441495489,29.59397358426974,41.79956604684426,2,17
2023-04-30,64.46534768941882,49.8842602409397,38.42616185360064,53.443257460712076,39.79647652875067,50.34281796210454,31.087971693517265,42.904020824709214,2,18
2023-05-07,63.07464055738732,52.33278674038391,40.16691431274089,52.17415699724211,34.2037491215062,53.326491141787756,33.76059892833081,46.08204227211473,2,19
2023-05-14,67.49675325663412,49.23534210736125,40.71004257870574,52.45670767262545,35.62002829453153,53.31825542465048,35.32843988163482,38.944441001402375,2,20
2023-05-21,67.48692061312256,46.14162271830148,44.70345376927719,54.66696819691535,33.12805126412219,56.81103107060481,35.63648567928175,42.41870841134609,2,21
2023-05-28,67.66118346169617,53.2484340121788,48.41102277630248,52.97181293530417,36.32755228396063,55.96017855861571,36.36482009639291,46.71852266023016,2,22
2023-06-04,65.37187940124262,55.2363922265083,44.24371889424902,48.21523889649249,33.446268605573685,67.50842665431402,38.06357787326355,42.764724134767704,2,23
2023-06-11,64.30223306009508,51.96006163501055,51.15190115013484,50.01294116290842,33.73310542990677,64.82758211464682,48.13557909708312,46.52591006501956,2,24
2023-06-18,58.483728496663105,53.59166954725254,47.1965501170137,53.22866571051282,37.47825176643386,63.308791499249594,39.764772631840046,45.74806696262257,2,25
2023-06-25,59.76707340289164,50.91348510387025,42.88337800840068,45.450347159070986,36.270530209555005,66.488342258593,41.80268637193291,40.98678350731062,2,26
2023-07-02,54.136202814266774,49.54571613851852,47.21845551874099,47.614363761891795,31.32701395718555,57.151031768930466,54.6673288928857,31.418228868105828,2,27
2023-07-09,51.177689988356526,54.70876301266131,50.704168497444286,45.89029931780452,33.15799910793482,55.16642481159829,47.252122712469216,36.22039566512964,2,28
2023-07-16,57.923650224313725,52.17555636346466,51.79591759709981,45.632060785662865,34.524770148433994,61.03404177118374,42.94106280340664,43.6449925687991,2,29
2023-07-23,51.97282798360105,51.75842983688251,48.48285405835067,40.34028735561111,35.84565419668279,57.145854239912566,50.59210022565447,34.40881289716063,2,30
2023-07-30,55.43127962530796,54.02214981208293,43.8525141188697,48.93222796646846,40.42286250625621,59.30028632905425,46.2159162676662,39.3903937732028,2,31
2023-08-06,54.80529632315088,45.59985996376121,43.050044622425375,41.896438142515926,40.74962210684697,59.061243074589896,52.46423346402463,42.20581838800537,2,32
2023-08-13,48.40436561017333,46.43786575039961,46.601471649977945,46.864902533539706,44.4906765799858,59.375533239971986,49.813486069087354,46.94946012863493,2,33
2023-08-20,50.95667965512654,48.02825488452914,51.63143841660138,41.53480494975942,45.08564570318833,51.13789860474079,49.76076160580649,39.05103376614353,2,34
2023-08-27,46.286682663584465,45.488300650363676,47.59074816914692,41.17956590479696,47.92294265175565,53.492254048656164,56.467433157284106,39.11281576415982,2,35
2023-09-03,41.99084406439696,49.34296939234816,48.8768390505765,46.399976094637616,48.75128549696889,49.91407164256385,53.821499686107416,41.86244345205303,2,36
2023-09-10,47.337067580591714,46.433135713963914,48.7292329469017,45.49901585529102,50.079867806493624,48.36280652172668,55.43823902022225,43.90435162591659,2,37
2023-09-17,45.17401322774679,44.19987180456057,48.89829413113094,42.95890867815046,55.52634129534797,43.117378013877726,54.124345473523434,42.34765481943566,2,38
2023-09-24,45.062234663021165,47.71843082111268,51.412588798448326,44.49813617686289,57.94895329874295,46.12497758761724,51.67685964595327,47.65297911430584,2,39
2023-10-01,52.27237417196918,48.512167851213995,54.55198659424862,41.30443506975385,59.38997171499287,38.94202810137365,54.91196091540855,40.769321393227116,2,40
2023-10-08,41.889266312445606,51.39345830126093,62.85652698185839,42.18062749397172,65.17478082589696,41.86597759372755,56.638472813071324,44.966379152635334,2,41
2023-10-15,47.87918732144199,50.43670376023293,56.9492397373793,40.34187263072228,57.37465951536718,31.51280500705579,53.20378925271445,46.78726295329474,2,42
2023-10-22,44.13831667648503,51.36096505086392,59.92088059667924,45.248624714253836,66.46795938373816,33.53810517722271,57.842903572425946,43.91800445599074,2,43
2023-10-29,50.35236976712501,51.68627159940076,57.86423062176049,40.75575506201452,69.15921783229841,28.676106396191393,54.474963285625,49.37331288626042,2,44
2023-11-05,49.12406576182644,50.91444875948782,65.56435741141011,47.679996383326326,76.02278230877924,25.570723453531926,51.89330902228801,47.08031376939095,2,45
2023-11-12,50.04761343021833,50.07128300032771,69.24859126453111,42.75156013601045,79.46735697344113,26.334858101254603,51.19882532083696,50.07620213786814,2,46
2023-11-19,46.81841238343048,53.79847142627082,71.04381508429088,44.31627102759285,72.2491689004782,21.638966257447624,49.904358734414515,48.09229344052974,2,47
2023-11-26,48.14550762309329,52.60239779540122,65.78461791350311,47.16121718434634,82.30383209350487,12.890467422214103,44.659583305776046,49.16827823020045,2,48
2023-12-03,54.04196319002564,59.287659484160805,67.35033161464543,45.6535156390298,75.62457814644318,10.292346200471963,46.94976848408905,45.425320806679125,2,49
2023-12-10,57.40257252895957,58.798490161045535,64.1848296110906,45.44245402062275,76.36325313309537,22.187218064658527,46.592103497000046,45.66398193399463,2,50
2023-12-17,54.35676254084217,57.1540069508137,66.34117963895706,47.04749760334284,79.30017414823588,21.249776273840617,43.30836848596635,53.25214156786315,2,51
2023-12-24,51.02917034972158,56.79833189249501,64.62845766299773,50.65653710351504,78.8285138203453,22.72138084337832,44.13636904311189,50.99561821643592,2,52
2023-12-31,55.508799255505295,55.72613153578817,62.499697572819535,46.8486164414368,74.454656843434,16.82506743355653,41.71288731234525,44.38936680148657,3,1
2024-01-07,62.49593378019072,52.45083815473776,61.50460959073071,49.333282698440804,80.00239259773238,13.137759937589566,42.4757717213704,49.15886997890345,3,2
2024-01-14,56.180559755500816,55.746471272124865,61.286212894266,50.618517868432896,78.60580003732852,16.21137583800422,40.65178602058985,38.81963185428255,3,3
2024-01-21,60.84556049648555,56.77832464269148,56.71013906342368,54.04628452095731,77.85875055891239,18.266796131379166,37.696220876736014,45.8224907816735,3,4
2024-01-28,54.74323875358373,57.164608610224015,55.25166000999173,51.99601115577101,71.16779021386844,16.267735622595502,31.673148425216368,51.68928663362287,3,5
2024-02-04,57.252082106165936,57.81808726467368,61.35225485463177,58.53149308248853,69.79757699541882,25.565082572002524,39.79857919216089,46.993846329366754,3,6
2024-02-11,59.55585784317843,59.05035109064098,63.66681269083903,53.40729094088207,66.98957097825574,28.916738807224093,32.74879896710132,47.53572517153051,3,7
2024-02-18,59.11005225341794,54.04826336512961,46.33792957821272,53.88643785025294,69.0707248837436,25.428104035843624,31.802415204923804,34.48515613461986,3,8
2024-02-25,55.74211467305213,53.89942447306008,44.49900182913976,54.75644454428911,52.24116939231414,25.93301479799746,30.03834544145434,44.37965685965228,3,9
2024-03-03,55.64151101956884,60.141692290836986,44.15575140534076,51.93486658263442,54.475884206685656,24.184808307873887,28.801213006101644,46.602889703683246,3,10
2024-03-10,60.97561111830385,57.99708101456366,46.09388377824073,53.33549518274874,53.88996772424851,34.89293477788551,34.31003281488266,46.304107442749,3,11
2024-03-17,61.447268568178885,54.50555880982044,48.691959070870546,55.363261583703846,47.12812081306401,32.6889029430592,33.49050572714847,47.363863440316656,3,12
2024-03-24,62.2037613752627,55.49690268507103,46.154441596835206,60.82629498499171,46.16886503932413,33.76017683003646,30.595106614133755,41.60811554120672,3,13
2024-03-31,62.820004064296946,55.84647534994427,43.23355322853436,57.74349130163408,43.234672916662845,38.13820375521545,29.173383213061687,40.569872703684396,3,14
2024-04-07,57.51286277079878,56.82420100679882,43.48742603334231,56.78006296133601,38.479382983231524,36.844735398051206,31.915173242320922,34.52500091130379,3,15
2024-04-14,55.84879418723817,58.99265125195357,37.49423383201663,62.27659709756507,37.711634469564515,40.73821417537483,31.18292644437251,37.49030177569315,3,16
2024-04-21,60.491338368441944,66.30717494740097,38.23674177734703,63.58657513493585,36.743300930484885,37.41530795289799,31.636075688023304,31.55875247285623,3,17
2024-04-28,58.22188029887803,60.667597591073545,38.14014156932675,63.004070655623124,31.80452677770883,46.17657012943724,34.789413709906306,27.375121883071028,3,18
2024-05-05,52.76829143246821,63.70578951491346,30.946928651685468,56.941441631628635,29.149618677403755,43.500915763419876,34.30392813947661,28.493482144332397,3,19
2024-05-12,52.23089076488216,58.424195426972275,31.760014160111112,58.217637818193616,28.36434278020036,47.93642213467701,38.459713289765666,36.9024510377043,3,20
2024-05-19,56.39596627992394,63.83342637761079,31.10362591407114,65.26278588442716,27.55133856772868,44.29084707953883,40.534050708046166,27.861455184861292,3,21
2024-05-26,53.934155856645795,70.68940557399999,37.901429016080016,60.550085089452146,21.416761273957253,44.76552622815931,43.99686133989087,28.029963501307154,3,22
2024-06-02,53.87365760391274,69.69771976182784,35.16075221954667,58.886122909427385,27.423305095733266,41.728426518997104,42.544038284235185,23.526357984333423,3,23
2024-06-09,56.5840363378788,56.45373848819577,36.04626885439273,61.53701057781578,24.404192541795286,47.812137847904935,48.593409154524764,17.158172557165468,3,24
2024-06-16,54.973760206299836,72.3087765412199,25.76275523931226,61.90805946420264,29.55871211439983,43.103135142496036,45.568155642198306,27.18679686795198,3,25
2024-06-23,55.931064399391154,76.17270698420212,26.809511364439594,56.47875865252067,27.846756526446626,44.53404162306201,48.09226125257206,14.305359513105051,3,26
2024-06-30,45.31360014387393,64.00606942527487,35.125748981719276,57.96600469047762,30.15605157984408,46.333076579439776,49.40913342505917,20.774710504003316,3,27
2024-07-07,50.97458900905778,73.6008952205004,21.19450235435253,59.028584697168036,24.4549637913701,47.08577737099665,48.62352284329935,23.209197239838865,3,28
2024-07-14,51.37068384004586,59.32597118490674,37.14847780307841,51.5679326773307,27.489057171472382,42.00777540222223,55.41165313065674,25.17367652182307,3,29
2024-07-21,43.778661771325154,68.7194401058666,24.996484496312554,53.786634128032034,26.27131581134091,46.78642004746582,49.71015571788791,22.492420284823375,3,30
2024-07-28,45.502418557062384,63.94491805374023,35.79439660556843,49.056599267835445,29.56643230534033,50.092742373601,50.56202654152476,19.43238613647112,3,31
2024-08-04,44.12873287964266,54.93195347595548,29.080657342013254,48.098692922432306,37.41379003327213,46.60195201756541,56.32162808446402,25.11638184253542,3,32
2024-08-11,46.00709057370998,61.41130171368066,37.11817844212921,48.056765984203096,40.385054656270604,46.82976565586269,50.657902543363065,26.92786420504325,3,33
2024-08-18,50.25450222452849,61.808837945362676,46.10756578326176,49.962309580056306,35.02091081428153,47.44731541053228,51.58833470108298,28.424699076017923,3,34
2024-08-25,51.025517910841266,58.00601331292928,24.591350450638934,46.470807891169684,39.88781588285884,45.70094412090859,48.90408822739361,36.92625211347279,3,35
2024-09-01,42.2719056432019,57.55034893650865,36.92445767881404,44.541889305914594,44.05186590767789,41.76500731936895,54.24870200178342,29.616336487323657,3,36
2024-09-08,46.22589611078563,53.782841739551785,27.412832386349393,45.850467040637795,49.231304438043146,43.20233216297465,54.12350032753444,36.97377186607634,3,37
2024-09-15,46.42562540039357,48.98621490179983,36.89333259802461,41.627905477597544,45.512938661906475,44.461845612420454,53.64542278964244,37.569976265329096,3,38
2024-09-22,46.178099103462245,56.49886960089298,34.93314417266024,45.892029648460664,49.36702667622928,36.25775611136007,52.87711950475966,41.817810211613896,3,39
2024-09-29,46.62844433645418,59.78290033713201,36.88152988282197,47.69534672271721,59.03317986161441,36.041481446645484,51.28584149623072,38.36620526076812,3,40
2024-10-06,46.89395825633054,58.24127013597927,33.340738944721664,43.90987142447118,55.04827564614564,30.65823963934139,49.230200965947674,42.883855919194026,3,41
2024-10-13,51.71479114720366,49.36675850529146,40.75190304082736,43.526994719743854,62.7685501395067,35.21282018935999,48.00985290124093,39.7632798394608,3,42
2024-10-20,50.729550688185135,51.37612283969645,32.48942216559279,45.373694039038675,67.6339746122928,29.70464812686786,53.86905526664514,42.847206243159945,3,43
2024-10-27,45.09505467601429,54.044810991867415,43.906502822548,38.40710827922422,71.20572015745309,25.087451197635577,51.71715396192298,35.6893868778255,3,44
2024-11-03,51.58220474557204,52.50232185088123,37.956681597698996,46.45271383172032,72.06907595330298,25.68483765247354,46.63680796559989,31.679657226715662,3,45
2024-11-10,52.84113552160621,58.12027603012093,34.625579225846764,54.598304424625354,73.61488559858984,19.725501002168116,47.99838929507476,44.21765602457787,3,46
2024-11-17,52.111083214346436,59.85919186943366,47.23980911912776,45.46571031887477,79.11021363907402,18.361151830400576,46.01182598604487,44.850431682927166,3,47
2024-11-24,55.579999687885866,55.04577201604039,41.18761581277034,46.09808826175817,78.91318343091994,15.436815677589925,42.43938070221366,45.38808483001183,3,48
2024-12-01,53.77149420100199,62.27726675017265,49.64999778922294,49.37827479351442,77.19104534566056,15.230434847270802,45.15860182970423,41.68633423842073,3,49
2024-12-08,54.8172880505587,62.29879359261988,47.42559018899706,52.83494297419632,79.89654893482418,21.396821793016375,42.08485572739953,49.98148228100778,3,50
2024-12-15,55.56083885053237,59.3318061353677,39.81975546823425,51.6236280733468,81.15082340565709,14.317377150966209,39.10008661701676,42.35303165298547,3,51
2024-12-22,50.08233346933528,60.86367310428578,43.08987739119065,43.06832170215984,84.93713965592343,17.417615707627597,36.085759298026325,45.97663029183968,3,52
2024-12-29,56.781238635065925,55.855564970169866,44.27143971125447,52.086364342679516,81.48882458729902,13.329968511574162,34.35602727445611,46.700625108833954,4,1
2025-01-05,55.835823223672676,60.94672122488584,50.18539137394217,58.985273410344256,81.69696194532615,18.257639930067622,36.43686160602979,51.15289556141946,4,2
2025-01-12,55.02014661067334,62.11624774448113,46.05500406837118,54.009919983938374,74.73708448806514,13.358799692429326,35.80008850970572,42.89183367293473,4,3
2025-01-19,63.529809440048005,62.6611808736996,45.16414993415007,49.53916340182908,73.12665985565694,17.32332392881887,31.9555320428703,41.35539135925105,4,4
2025-01-26,61.28696149183453,63.261601651295436,43.74127922757747,54.68362043392301,71.76676424571195,18.431322148314067,35.1027439758076,37.71067572395012,4,5
2025-02-02,60.118828511666536,62.736225386245415,44.34772869270284,50.79373676965301,69.49402119204275,26.60507857760007,31.586875263463536,49.57588135106569,4,6
2025-02-09,58.82406878556637,60.99677887137682,49.70550645807177,59.082373653553844,64.0712494298878,23.122235300186667,32.23138731637398,44.64470760579145,4,7
2025-02-16,61.58129655594434,62.341281307378146,44.36896388431786,53.20332714051738,67.82873681354909,21.29614271816429,28.77306109554085,44.294860621149546,4,8
2025-02-23,63.69222645639252,64.08609332728837,42.57389476488113,56.90834883893817,63.43330451961311,27.178462621924538,25.90410121733364,54.40497477906145,4,9
2025-03-02,58.09793629907923,60.29170884230356,41.63233409761797,54.64384545248553,56.49190716474338,33.75689867897314,27.691795277010176,42.62638376657969,4,10
2025-03-09,60.24420298091007,60.925062914910384,41.353556313513444,56.01624882940628,55.89418402427359,24.805640402320684,22.802245214340925,35.43727833800554,4,11
2025-03-16,62.343430195737234,58.697335428022654,37.58625943387277,62.449999341573715,51.196704119782645,29.611973893914122,27.621266224946897,39.11478664122317,4,12
2025-03-23,53.19394397269376,56.481634311379686,39.77378613152729,58.52717630538805,49.31162863707619,33.923752784496095,22.789175867066398,35.18147457646104,4,13
2025-03-30,57.85738682724204,59.03282283216566,48.31177508788551,56.64693121694361,39.87477628192603,35.88474136132014,28.14869841746461,36.609038790538804,4,14
2025-04-06,55.52379950080893,54.7134439311613,41.004727249250585,54.87413704488547,40.42120729885077,38.60244006078967,24.375316218646375,35.6246612682724,4,15
2025-04-13,54.9416524825059,56.326918625638434,44.140387326336416,52.55508812912745,37.88727101513295,38.07419896488163,28.78195076847455,33.86389537130942,4,16
2025-04-20,52.128612715037136,53.92688319756652,30.886349182199176,54.15242061646113,37.436963344578295,48.46808954838135,22.636045236817907,29.55870241435883,4,17
2025-04-27,52.12089780272138,51.508810303754714,42.54854650958086,57.85812112715232,31.523530953953852,42.10734944617993,24.579469612570144,40.378918360559254,4,18
2025-05-04,55.38176836690058,49.95262577570784,39.107020383434765,59.967008156733286,24.112351410433277,47.71565264840214,28.55114845570889,34.05995657647858,4,19
2025-05-11,46.43398313326609,47.91307157742826,37.3144071606793,54.74958564580753,26.937731930256238,53.196347405297125,31.883439866907338,30.82538860581166,4,20
2025-05-18,46.04886699680043,43.04180484545711,39.46916363335113,60.462743046930285,28.929781400298204,51.49838354421469,34.47918782179937,33.66237645315655,4,21
2025-05-25,48.99268943925758,47.776463050378,36.2908300317717,52.854011556178335,28.57360284745791,49.96048636657487,30.82597119093356,31.501517109079664,4,22
2025-06-01,39.35836233676237,46.145775872174205,29.336814492723832,53.50336855287822,33.01221298659905,49.938801330196824,37.5211797062921,29.826530392183095,4,23
2025-06-08,44.71167261120316,47.062277072592224,41.11421808068438,50.16597612543101,29.566000062481308,54.15695408359455,32.49622449208952,30.729000975155106,4,24
2025-06-15,37.88189945116637,42.27289213832367,38.030070516716385,55.5604999545063,28.16693288089313,53.21418531172351,38.03896290029338,27.979799457943535,4,25
2025-06-22,42.20581945093427,49.235425149378,35.47990749554906,58.07779211131439,28.154702182956722,56.51459227101014,33.28592165419297,29.790902043132157,4,26
2025-06-29,38.52885492861488,42.435140251058094,32.598532395623316,45.72428642048362,32.10663766692616,51.88020058272925,38.71208003524076,30.008046529356815,4,27
2025-07-06,37.03851570053732,41.309587339436234,30.366328329344995,49.233157876232255,27.778208326413854,58.47529677341884,31.716817083521654,27.747163752485076,4,28
2025-07-13,36.14772448289343,41.62114512583775,36.98349964707498,53.371533273762594,30.104691008687503,56.09216428781468,36.60638690281017,26.513564446208488,4,29
2025-07-20,35.032454937242235,40.32849326005995,42.44796637764973,44.58860800088761,28.475147114285683,55.77289033975946,42.53116296447326,33.98668386922311,4,30
2025-07-27,37.95316697214077,51.25982961473257,36.78101414584311,50.029354519190655,37.47800182797974,58.724964554979344,38.27943216281608,26.56075105377723,4,31
2025-08-03,41.42317967632391,52.048878303125676,30.482154778816366,51.441107458133416,36.15616412389434,52.0224157032647,44.50528187424151,30.74557475171351,4,32
2025-08-10,39.80717877688505,51.09418292911768,37.03087242320701,47.5063478869401,34.902953737862056,49.82865302475696,46.86996724620478,31.60889457243818,4,33
2025-08-17,40.05869920275945,47.99033870028118,36.106848211289034,48.466060309138406,39.01746331243957,48.776673052931905,43.48648494768918,28.321151111194602,4,34
2025-08-24,41.41663280771981,57.48807571998461,40.037586228508815,51.69280171617261,43.4987851259655,48.01475859240541,42.83048672263526,28.341507924841657,4,35
2025-08-31,46.27391963767101,52.33458448788876,39.3381757106968,51.90562307049404,44.07145509318993,46.27296624823094,44.96010325158532,30.95894451995806,4,36
2025-09-07,48.05153745257749,53.86043570565549,25.362255978518505,45.58572713825787,46.27682485635208,41.81811749626424,44.018718806721324,31.182536407126513,4,37
2025-09-14,43.40464370336636,60.19172804728638,39.939833650053274,43.953329270854155,49.124346521422424,35.85169490096557,47.02306156233274,28.06428228815667,4,38
2025-09-21,44.388887373800436,59.00338414744137,34.25072225494633,42.643679027875095,55.40123120206953,37.73527239939802,47.90949897085119,32.001467245887866,4,39
2025-09-28,48.493306579952986,64.71492494928712,33.12849928754349,48.268364021342805,56.633313706453414,37.92384166092892,46.8176216699613,36.347585063596284,4,40
2025-10-05,52.88566374029185,59.88683627723727,38.64914507365555,41.242074102483016,59.62982503316607,34.65282421587985,52.73881870741696,40.98672249245827,4,41
2025-10-12,52.690152422092474,58.928374206296425,41.66274944154408,44.70961403604166,60.162980596560956,35.2600040516725,45.37954378769503,38.746129969125136,4,42
2025-10-19,46.457843368692146,59.21673692829934,34.09098160128166,45.977518944053784,67.4199668059353,35.00589282300455,51.373183920471206,26.7009852766978,4,43
2025-10-26,50.401103009330434,56.399695189426765,44.117366210841865,44.45499416175207,69.4392493673897,28.99764619805619,43.57574119312682,40.198302862155984,4,44
2025-11-02,49.40229323803514,61.94890681291678,44.99846598090376,47.18877569632913,71.5437571804811,28.588337011860354,46.26130987573439,35.8951561826695,4,45
2025-11-09,52.41112572629572,67.01549955075234,42.770891037222135,54.51538359496161,75.3168821649296,24.638940933890055,48.7853069685204,40.39178417876259,4,46
2025-11-16,59.05961958798804,66.12415775775973,39.73331661140863,47.01151286617659,78.82525679291207,25.575283490064816,47.68196413898849,38.927264975223295,4,47
2025-11-23,51.01606377745477,65.07822056897794,39.88151354088671,46.699652557812726,80.16484702708708,24.342963264977246,41.94987251017256,38.56529603351729,4,48
2025-11-30,51.45906143087323,62.66007204132741,48.464218790709594,51.748310974293574,80.79159951924315,20.251341923191013,43.68369046291375,39.222472472548596,4,49
2025-12-07,54.84436673735959,66.88515444039416,38.8356927856984,50.17501422021528,79.06191290433964,18.407667076925204,41.99111419943083,39.77571264317782,4,50
2025-12-14,59.17649400188685,69.7291591177676,49.610170532530944,54.57535964255838,78.30028940289453,14.862993039716612,37.73592116240562,45.41165515422424,4,51
2025-12-21,61.118927797432455,68.39060806403184,45.108470249253834,51.58849940961754,76.6500240834256,14.856049160143273,39.76992621335246,40.05534661242805,4,52
2025-12-28,61.456324332654255,67.92374088649063,45.742569823566754,51.21049918814099,77.34876738553213,13.786215757749876,42.03416046400957,44.504923622852054,5,1
2026-01-04,64.49178340796345,65.27177479976105,39.58499801673463,47.47800202436269,78.10891706461862,16.80382028154102,36.365424187889346,43.87843827114415,5,2
2026-01-11,56.418708326547545,70.41487922843454,46.05258401599125,48.843022708800774,74.20360251899265,13.237673989105433,35.15317569793693,42.669597766960706,5,3
2026-01-18,65.92881651227817,58.47819899514235,49.24305775493156,49.05527791121507,74.97531136779538,15.595313841461513,33.99566657570068,32.66432183042021,5,4
2026-01-25,61.987315245097115,68.99181483639025,41.51649841324505,56.53510884514797,69.55459345253942,10.172639174950628,26.163596092698015,44.01453144229928,5,5
2026-02-01,65.57455871646539,75.43154401637445,48.85152115843239,52.107228915302215,64.90298323052302,23.76041771752513,30.55714409783371,37.38317351227132,5,6
2026-02-08,59.75717689521954,62.97969562243866,47.12649878445276,60.7075713005906,69.48688260816327,19.545830390263646,24.838353256760954,41.67634483212406,5,7
2026-02-15,63.976409683071765,66.47025018630093,44.02434899384954,57.71649573804211,62.4962504495331,23.428833454001065,24.931908931374068,34.456508380868904,5,8
2026-02-22,64.78860042931062,66.76271137557957,49.7584801043797,57.5045724642,58.090946313527205,28.500961821627286,32.118397568880056,33.0769223185569,5,9
2026-03-01,67.5485896879473,64.8890230227693,37.17764248317468,56.23220259429493,53.84083931340151,27.273290527502688,23.937657663471864,45.13353130559514,5,10
2026-03-08,59.21125654023832,68.76843736089565,46.92051250680224,61.06173156139465,54.79739862962913,33.09530116303411,21.689764713502015,32.75364310232856,5,11
2026-03-15,63.831618544397884,66.34388914890532,51.45165181319881,57.10718054622985,53.9933620156672,27.535354949021666,26.741047856970418,40.46496208562206,5,12
2026-03-22,60.146823410339806,64.52706297016584,50.059199326574344,56.7757502850878,44.98354869193168,41.0210446927914,19.983501989649316,35.601090085242255,5,13
2026-03-29,64.47877564884426,65.47446699784996,45.06277111319078,63.386019987272476,41.903366888175405,39.68914167320997,21.205382537788743,32.64468774627403,5,14
2026-04-05,64.75755624981701,62.00962555558455,41.37532173190516,60.846191236568394,42.2044798207793,39.645001772808406,26.19875800445204,33.298504466977526,5,15
2026-04-12,65.66357459971266,70.24099634277977,38.99229852770389,58.90828093923612,30.128627207615672,45.833477053065515,22.66873857460953,27.38682631248141,5,16
2026-04-19,59.49563121265123,59.77258925675333,39.16005119615163,61.238068780826474,38.209832383132635,40.506275624845046,18.1281346746099,31.618859227463776,5,17
2026-04-26,63.11465486478356,58.41802602180722,41.28331778702461,58.91593524034409,36.61699654739659,45.47726529665028,24.89636932926979,26.4069598136204,5,18
2026-05-03,63.59361978771061,51.14577476942151,34.54389017198201,59.497515118835715,18.41373266887564,52.85043846226231,22.69722564946301,28.2177140238081,5,19
2026-05-10,53.7176880626898,53.07203746996435,39.435529507951344,55.25520256366608,23.805798175117037,44.90472207520725,29.287390250062156,32.58006644470416,5,20
2026-05-17,59.5930604951691,56.61118264311436,43.589526164324575,63.19038791732569,19.867212846729092,53.96281939581276,23.774435923527946,29.016678499996843,5,21
2026-05-24,59.72616522175208,47.740658630497755,33.53548097318123,54.45153811058453,19.55489118023118,55.418386056274336,29.79790886996862,21.26011958018046,5,22
2026-05-31,55.1692022820488,44.036375700610975,27.266124843772996,60.03093459322239,17.85288436063878,61.01614635027753,33.12856227185522,29.878074259685295,5,23
2026-06-07,51.42208633132849,49.620512134395845,26.31623597376782,53.953772592189246,20.763472648056066,51.37731883684678,26.490388209241434,25.84619847210401,5,24
2026-06-14,57.02048965713781,52.9596002093516,34.0908971131199,56.10627420645884,17.691315295552933,61.692076809324064,29.76775492820301,23.247941719172545,5,25
2026-06-21,49.77198825090784,48.64617377020892,30.30565969272274,55.07822021211286,15.487471513447268,55.63221276589494,32.85796621523341,28.09917014334184,5,26
2026-06-28,52.06888920776713,47.546078128410585,33.89723210311926,55.54706067743359,18.384215009789955,56.12143527512048,30.48417521426161,24.299392287838696,5,27
2026-07-05,51.78357893886795,43.369751858383786,28.381210040172984,48.86544581430383,21.60332700588438,53.64940982621219,35.230780785324825,20.319232288383777,5,28
2026-07-12,53.42820305299696,51.01687408065004,34.221812893591064,53.949581827303696,18.121449339375893,53.605600206412824,35.08992443607781,32.534735556806254,5,29
2026-07-19,48.86686585472511,52.633337213083074,30.86988870962047,55.65264930864907,18.77147672978804,57.337136908519376,36.338288104350895,25.36749645786389,5,30
2026-07-26,48.25433302112256,46.506589676242704,29.349892306228117,48.781303706372896,32.110640669306555,51.75724643119885,38.4771995671182,25.5149070536145,5,31
2026-08-02,50.26952015276406,56.60422737411801,31.57487427148776,49.15591520665717,26.966864052326393,56.003702187214415,39.7341143924558,24.711491107294155,5,32
2026-08-09,52.76571282239815,56.929158664159374,29.362622286272863,47.02349033335079,31.534066339570792,50.218601163826726,41.12051487144145,31.608048689648232,5,33
2026-08-16,56.49586904057016,59.487118344363445,43.110445816251584,47.14285855797716,34.043294008834614,46.74879721175425,39.84558826104058,25.38887773100455,5,34
2026-08-23,45.11375800248504,59.28127932385505,35.766263587995006,52.95187026425597,40.357285357243185,46.76486975690622,40.880841424087535,21.93492234092604,5,35
2026-08-30,50.70143766714421,60.883715053515246,39.70206745770873,44.49051646569141,47.64055932246604,47.127325801170024,42.97298599205136,26.03885331876711,5,36
2026-09-06,46.73068103794038,61.80992756324242,35.908990128850625,44.41777910925487,47.751432029333685,42.89483505911211,43.84280088443364,34.70130254628992,5,37
2026-09-13,53.394720380200624,64.10383326297311,34.73660379161288,51.879597217635194,45.17443149637551,41.315386047801226,43.16379335133116,33.357988790258986,5,38
2026-09-20,47.97959924035529,57.21862990697903,38.853257258943756,48.79234413225579,49.272600803868364,40.70115124293609,45.80095554089701,29.63418954959144,5,39
2026-09-27,49.33141540174455,59.27912480545241,44.99945216228678,53.22770893816585,55.85121446824643,39.212777361049504,39.57171627050609,36.757848270007166,5,40
2026-10-04,50.243587380145826,62.619682423060624,39.28528416814597,45.545447233921706,59.74563726606714,32.381484698431684,42.844360542940755,34.84972845456136,5,41
2026-10-11,52.52608770469528,65.42857514471406,38.63304401169714,47.39276208031028,58.71875203899585,27.558709389052197,44.04597185362062,31.363978653522672,5,42
2026-10-18,54.54486348145554,67.92301109505382,43.46168119142166,45.23893450776479,69.46386549640067,28.372002221355753,41.99765734383633,32.314544321879644,5,43
2026-10-25,55.91318883043711,68.62639530863852,45.540380599703525,47.948687443061466,66.61251629273909,27.118829945880467,48.966830328582674,34.81438191031649,5,44
2026-11-01,55.385780519209845,71.8510289438087,50.79981666060006,42.58390421179608,76.92194680653463,19.034891137435327,43.4874660789266,30.654585896417,5,45
2026-11-08,52.395756387537155,72.74431185131844,46.305013310435044,50.43489301104586,80.14368756999053,18.63627189495394,43.15926181416104,34.44584614860971,5,46
2026-11-15,59.57903941548234,67.42887508777972,48.10113333003848,49.90570715304077,75.81454838184195,17.253389487321133,40.23421720584992,36.06259497152795,5,47
2026-11-22,58.261109923981294,71.45215978012962,49.005886765844004,49.39264874331949,79.36499923871531,17.129890420075878,40.56111493337403,28.430796916547553,5,48
2026-11-29,62.929490272913604,68.8209837218994,42.083000563571886,49.09093972563561,75.43112503728216,14.076331553057885,35.77154101465998,34.71555487136844,5,49
2026-12-06,58.331305050984774,71.35973335956645,43.36454581061938,48.33188761049284,81.65162476669026,17.370486747678164,37.61749998201491,34.49397089450276,5,50
2026-12-13,56.63001292698286,73.37637417763716,43.35558162856677,54.00050542137293,78.50508326422903,9.623739606122548,33.94437160139727,39.98680417619063,5,51
2026-12-20,62.27570638962441,62.59310626760893,42.78065328145397,49.14132384770677,76.51939308355676,9.201179336269492,34.48964529676225,28.59645069133558,5,52
